ip,continent,lat,lon,city,country,region,postal
20.168.232.49,North America,37.9273,-76.8545,Tappahannock,United States,Virginia,22560
122.224.250.238,Asia,30.2994,120.1612,Hangzhou,China,Zhejiang,
20.120.109.255,North America,37.9273,-76.8545,Tappahannock,United States,Virginia,22560
20.169.165.162,North America,37.9273,-76.8545,Tappahannock,United States,Virginia,22560
190.86.33.161,North America,13.7066,-89.2053,San Salvador,El Salvador,Departamento de San Salvador,
40.114.72.176,North America,37.9273,-76.8545,Tappahannock,United States,Virginia,22560
183.44.113.44,Asia,23.1181,113.2539,Guangzhou,China,Guangdong,
115.198.93.58,Asia,30.2994,120.1612,Hangzhou,China,Zhejiang,
18.207.221.92,North America,39.0469,-77.4903,Ashburn,United States,Virginia,20149
13.68.129.137,North America,37.9273,-76.8545,Tappahannock,United States,Virginia,22560
4.246.168.133,North America,37.9273,-76.8545,Tappahannock,United States,Virginia,22560
40.85.173.127,North America,37.9273,-76.8545,Tappahannock,United States,Virginia,22560
170.81.147.60,South America,10.95,-63.85,Porlamar,Venezuela,Nueva Esparta,
58.35.108.85,Asia,31.2222,121.4581,Shanghai,China,Shanghai,
93.143.166.128,Europe,45.5473,18.6951,Osijek,Croatia,Osjecko-Baranjska Zupanija,31000
20.120.110.91,North America,37.9176,-76.9092,Tappahannock,United States,Virginia,22560
177.220.182.89,South America,-25.5026,-49.2908,Curitiba,Brazil,Parana,80000
120.41.124.232,Asia,24.4798,118.0819,Xiamen,China,Fujian,
20.120.24.168,North America,37.9176,-76.9092,Tappahannock,United States,Virginia,22560
34.31.130.28,North America,41.2591,-95.8517,Council Bluffs,United States,Iowa,51502
43.198.177.167,Asia,22.2578,114.1657,,Hong Kong,,
20.172.234.112,North America,37.9273,-76.8545,Tappahannock,United States,Virginia,22560
20.127.124.164,North America,37.9176,-76.9092,Tappahannock,United States,Virginia,22560
116.30.242.56,Asia,22.5559,114.0577,Shenzhen,China,Guangdong,
52.149.214.123,North America,37.9273,-76.8545,Tappahannock,United States,Virginia,22560
20.185.54.18,North America,37.9273,-76.8545,Tappahannock,United States,Virginia,22560
113.116.141.45,Asia,22.5559,114.0577,Shenzhen,China,Guangdong,
89.246.200.5,Europe,52.4164,9.5963,Garbsen,Germany,Lower Saxony,30823
4.227.244.155,North America,37.9273,-76.8545,Tappahannock,United States,Virginia,22560
20.163.222.244,North America,37.9273,-76.8545,Tappahannock,United States,Virginia,22560
24.19.193.200,North America,47.6298,-117.3989,Spokane,United States,Washington,99203
102.89.34.108,Africa,6.4474,3.3903,Lagos,Nigeria,Lagos,
172.173.180.96,Europe,51.2993,9.491,,Germany,,
104.41.142.218,North America,39.2645,-76.6224,Baltimore,United States,Maryland,21230
112.10.180.231,Asia,30.2994,120.1612,Hangzhou,China,Zhejiang,
13.72.86.132,North America,37.9273,-76.8545,Tappahannock,United States,Virginia,22560
20.121.210.109,North America,37.9273,-76.8545,Tappahannock,United States,Virginia,22560
113.89.239.209,Asia,22.5559,114.0577,Shenzhen,China,Guangdong,
20.232.151.87,North America,37.9176,-76.9092,Tappahannock,United States,Virginia,22560
121.41.62.96,Asia,30.2994,120.1612,Hangzhou,China,Zhejiang,
193.37.32.133,Asia,1.2929,103.8547,,Singapore,,
52.188.11.145,North America,37.9273,-76.8545,Tappahannock,United States,Virginia,22560
106.203.133.41,Asia,26.1206,91.6523,Guwahati,India,Assam,781030
34.142.16.67,Europe,51.5095,-0.0955,London,United Kingdom,England,EC4N
20.119.63.32,North America,37.9273,-76.8545,Tappahannock,United States,Virginia,22560
20.172.246.212,North America,37.9273,-76.8545,Tappahannock,United States,Virginia,22560
100.26.104.203,North America,39.0469,-77.4903,Ashburn,United States,Virginia,20149
114.246.97.227,Asia,39.9143,116.3861,Beijing,China,Beijing,
50.18.134.150,North America,37.1835,-121.7714,San Jose,United States,California,95141
139.162.48.38,Asia,1.2929,103.8547,,Singapore,,
104.211.46.103,North America,37.9273,-76.8545,Tappahannock,United States,Virginia,22560
219.145.39.216,Asia,34.2635,108.9246,Xi'an,China,Shaanxi,
45.228.234.41,North America,14.6343,-90.5155,Guatemala City,Guatemala,Guatemala Department,01011
20.172.220.129,North America,37.9273,-76.8545,Tappahannock,United States,Virginia,22560
20.185.3.174,North America,37.9273,-76.8545,Tappahannock,United States,Virginia,22560
112.95.109.254,Asia,22.5559,114.0577,Shenzhen,China,Guangdong,
20.232.114.31,North America,37.9273,-76.8545,Tappahannock,United States,Virginia,22560
152.255.107.100,South America,-19.9029,-43.9572,Belo Horizonte,Brazil,Minas Gerais,30000
221.219.77.98,Asia,39.9143,116.3861,Beijing,China,Beijing,
59.82.24.78,Asia,34.7732,113.722,,China,,
187.207.47.92,North America,19.379,-99.0467,Coyoacán,Mexico,Mexico City,09208
92.184.106.27,Europe,48.8323,2.4075,Paris,France,Île-de-France,75018
20.127.68.201,North America,37.9273,-76.8545,Tappahannock,United States,Virginia,22560
74.235.223.171,North America,37.9273,-76.8545,Tappahannock,United States,Virginia,22560
84.181.246.163,Europe,52.5694,13.3753,Berlin,Germany,Land Berlin,13409
20.232.183.248,North America,37.9176,-76.9092,Tappahannock,United States,Virginia,22560
161.18.74.188,South America,3.4129,-76.5191,Santiago de Cali,Colombia,Departamento del Valle del Cauca,760001
20.172.218.102,North America,37.9273,-76.8545,Tappahannock,United States,Virginia,22560
20.163.136.121,North America,37.9176,-76.9092,Tappahannock,United States,Virginia,22560
35.200.132.77,Asia,19.0748,72.8856,Mumbai,India,Maharashtra,400070
8.134.11.203,Asia,23.1181,113.2539,Guangzhou,China,Guangdong,
43.198.106.223,Asia,22.2578,114.1657,,Hong Kong,,
20.231.97.145,North America,37.9273,-76.8545,Tappahannock,United States,Virginia,22560
3.138.135.212,North America,39.9587,-82.9987,Columbus,United States,Ohio,43215
35.75.12.53,Asia,35.6893,139.6899,Tokyo,Japan,Tokyo,151-0053
20.185.233.111,North America,37.9273,-76.8545,Tappahannock,United States,Virginia,22560
190.99.217.224,South America,3.4129,-76.5191,Santiago de Cali,Colombia,Departamento del Valle del Cauca,760001
200.121.141.25,South America,-16.4014,-71.5343,Arequipa,Peru,Arequipa,
35.226.64.143,North America,41.2591,-95.8517,Council Bluffs,United States,Iowa,51502
45.78.54.225,Asia,34.6946,135.5021,Osaka,Japan,Ōsaka,543-0062
27.216.8.218,Asia,37.4852,121.4569,Yantai,China,Shandong,
36.40.146.200,Asia,34.2635,108.9246,Xi'an,China,Shaanxi,
190.92.42.162,North America,15.4967,-88.0338,San Pedro Sula,Honduras,Departamento de Cortes,
123.118.4.89,Asia,39.9143,116.3861,Beijing,China,Beijing,
168.61.35.252,North America,37.9273,-76.8545,Tappahannock,United States,Virginia,22560
52.53.169.164,North America,37.1835,-121.7714,San Jose,United States,California,95141
40.121.70.243,North America,37.9273,-76.8545,Tappahannock,United States,Virginia,22560
222.90.63.239,Asia,34.2635,108.9246,Xi'an,China,Shaanxi,
54.152.12.79,North America,39.0469,-77.4903,Ashburn,United States,Virginia,20149
8.212.10.40,Asia,22.2908,114.1501,Central,Hong Kong,Central and Western District,
99.245.139.202,North America,43.5898,-79.7599,Mississauga,Canada,Ontario,L5N
179.6.155.95,South America,-12.0464,-77.0428,Lima,Peru,Lima,
4.246.169.111,North America,37.9273,-76.8545,Tappahannock,United States,Virginia,22560
170.39.226.182,North America,40.7876,-74.06,Secaucus,United States,New Jersey,07094
190.121.143.55,South America,6.3349,-75.5583,Bello,Colombia,Antioquia,051050
20.172.200.73,North America,37.9176,-76.9092,Tappahannock,United States,Virginia,22560
40.88.40.155,North America,37.9273,-76.8545,Tappahannock,United States,Virginia,22560
44.199.218.38,North America,39.0469,-77.4903,Ashburn,United States,Virginia,20149
170.83.118.229,North America,15.4967,-88.0338,San Pedro Sula,Honduras,Departamento de Cortes,
20.85.226.176,North America,37.9273,-76.8545,Tappahannock,United States,Virginia,22560
52.14.173.18,North America,39.9625,-83.0061,Columbus,United States,Ohio,43215
54.174.30.82,North America,39.0469,-77.4903,Ashburn,United States,Virginia,20149
20.124.8.10,North America,37.9273,-76.8545,Tappahannock,United States,Virginia,22560
123.118.7.241,Asia,39.9143,116.3861,Beijing,China,Beijing,
210.171.60.200,Asia,35.6897,139.6895,,Japan,,
84.183.208.85,Europe,52.5196,13.4069,Berlin,Germany,Land Berlin,10178
218.102.227.236,Asia,22.3163,114.1842,Kowloon,Hong Kong,Kowloon City,
79.116.92.62,Europe,40.4172,-3.684,,Spain,,
34.69.72.143,North America,41.2591,-95.8517,Council Bluffs,United States,Iowa,51502
3.0.177.119,Asia,1.2929,103.8547,,Singapore,,
20.232.170.182,North America,37.9176,-76.9092,Tappahannock,United States,Virginia,22560
61.149.95.15,Asia,39.9143,116.3861,Beijing,China,Beijing,
16.162.33.153,Asia,22.2578,114.1657,,Hong Kong,,
101.81.249.213,Asia,34.7732,113.722,,China,,
36.110.22.117,Asia,39.9143,116.3861,Beijing,China,Beijing,
20.121.4.144,North America,37.9273,-76.8545,Tappahannock,United States,Virginia,22560
52.188.105.244,North America,37.9176,-76.9092,Tappahannock,United States,Virginia,22560
75.163.68.213,North America,41.2327,-96.1138,Omaha,United States,Nebraska,68144
104.196.175.234,North America,32.8608,-79.9746,North Charleston,United States,South Carolina,29415
20.169.180.95,North America,37.9273,-76.8545,Tappahannock,United States,Virginia,22560
4.246.193.70,North America,37.9273,-76.8545,Tappahannock,United States,Virginia,22560
23.17.46.197,North America,51.0557,-114.0655,Calgary,Canada,Alberta,T2M
113.89.234.97,Asia,22.5559,114.0577,Shenzhen,China,Guangdong,
4.246.207.19,North America,37.9273,-76.8545,Tappahannock,United States,Virginia,22560
18.163.221.10,Asia,22.2578,114.1657,,Hong Kong,,
23.96.10.255,North America,37.9273,-76.8545,Tappahannock,United States,Virginia,22560
49.207.200.39,Asia,12.9634,77.5855,Bengaluru,India,Karnataka,560001
172.190.66.154,North America,37.9273,-76.8545,Tappahannock,United States,Virginia,22560
223.213.100.115,Asia,22.5559,114.0577,Shenzhen,China,Guangdong,
20.120.88.62,North America,37.9273,-76.8545,Tappahannock,United States,Virginia,22560
138.91.120.101,North America,37.9273,-76.8545,Tappahannock,United States,Virginia,22560
40.87.125.58,North America,37.9273,-76.8545,Tappahannock,United States,Virginia,22560
92.45.88.58,Asia,39.9707,32.7316,Ankara,Turkey,Ankara,06370
52.179.20.164,North America,37.9273,-76.8545,Tappahannock,United States,Virginia,22560
92.68.10.9,Europe,52.2965,5.2314,Huizen,Netherlands,North Holland,1271
104.211.0.42,North America,37.9273,-76.8545,Tappahannock,United States,Virginia,22560
20.230.151.210,North America,47.6034,-122.3414,,United States,Washington,
20.115.25.61,North America,37.9273,-76.8545,Tappahannock,United States,Virginia,22560
125.35.137.56,Asia,39.1488,117.1762,Tianjin,China,Tianjin,
20.232.154.232,North America,37.9273,-76.8545,Tappahannock,United States,Virginia,22560
125.94.202.175,Asia,23.1181,113.2539,Guangzhou,China,Guangdong,
191.156.39.79,South America,6.2529,-75.5646,Medellín,Colombia,Antioquia,050001
112.67.173.222,Asia,20.0492,110.3466,Haikou,China,Hainan,
108.178.131.114,North America,34.4444,-119.2551,Ojai,United States,California,93023
113.11.244.135,Oceania,-15.5231,167.1646,Luganville,Vanuatu,Sanma Province,
61.140.45.226,Asia,23.1181,113.2539,Guangzhou,China,Guangdong,
137.135.122.3,North America,37.9273,-76.8545,Tappahannock,United States,Virginia,22560
121.207.131.163,Asia,24.4798,118.0819,Xiamen,China,Fujian,
35.225.28.190,North America,41.2591,-95.8517,Council Bluffs,United States,Iowa,51502
20.115.22.160,North America,37.9176,-76.9092,Tappahannock,United States,Virginia,22560
59.57.172.222,Asia,24.4798,118.0819,Xiamen,China,Fujian,
20.25.5.204,North America,37.9273,-76.8545,Tappahannock,United States,Virginia,22560
13.229.240.103,Asia,1.2929,103.8547,,Singapore,,
85.53.250.196,Europe,41.387,2.1701,Barcelona,Spain,Catalonia,08018
13.82.120.133,North America,37.9273,-76.8545,Tappahannock,United States,Virginia,22560
123.113.108.87,Asia,39.9143,116.3861,Beijing,China,Beijing,
20.59.35.97,North America,47.6034,-122.3414,,United States,Washington,
20.127.92.221,North America,37.9273,-76.8545,Tappahannock,United States,Virginia,22560
148.198.0.61,Europe,48.1712,16.321,Vienna,Austria,Vienna,1120
20.169.190.116,North America,37.9273,-76.8545,Tappahannock,United States,Virginia,22560
34.31.147.157,North America,41.2591,-95.8517,Council Bluffs,United States,Iowa,51502
18.141.168.194,Asia,1.2929,103.8547,,Singapore,,
103.58.152.223,Asia,19.0748,72.8856,Mumbai,India,Maharashtra,400076
223.213.100.79,Asia,22.5559,114.0577,Shenzhen,China,Guangdong,
20.163.239.38,North America,37.9176,-76.9092,Tappahannock,United States,Virginia,22560
152.58.34.137,Asia,23.0276,72.5871,Ahmedabad,India,Gujarat,380002
141.147.186.254,Asia,35.6906,139.9873,,Japan,Chiba,
88.201.206.19,Europe,59.8983,30.2618,St Petersburg,Russia,St.-Petersburg,190000
193.138.218.201,Europe,55.6078,12.9982,Malmo,Sweden,Skåne County,211 21
20.163.223.20,North America,37.9273,-76.8545,Tappahannock,United States,Virginia,22560
223.225.56.140,Asia,28.6542,77.2373,Delhi,India,National Capital Territory of Delhi,110003
113.88.13.105,Asia,22.5288,113.9399,Haikuotiankong,China,Guangdong,
35.172.134.194,North America,39.0469,-77.4903,Ashburn,United States,Virginia,20149
52.188.109.132,North America,37.9176,-76.9092,Tappahannock,United States,Virginia,22560
101.229.115.30,Asia,31.2222,121.4581,Shanghai,China,Shanghai,
114.102.181.88,Asia,31.8564,117.2661,Hefei,China,Anhui,
18.207.214.174,North America,39.0469,-77.4903,Ashburn,United States,Virginia,20149
20.51.170.198,North America,37.9273,-76.8545,Tappahannock,United States,Virginia,22560
188.150.18.158,Europe,59.3274,18.0653,Stockholm,Sweden,Stockholm County,112 45
101.87.254.34,Asia,31.2222,121.4581,Shanghai,China,Shanghai,
125.71.158.33,Asia,30.6498,104.0555,Chengdu,China,Sichuan,
148.0.150.145,North America,18.4615,-69.8965,Santo Domingo Este,Dominican Republic,Provincia de Santo Domingo,10201
40.88.129.60,North America,37.9273,-76.8545,Tappahannock,United States,Virginia,22560
20.231.56.130,North America,37.9273,-76.8545,Tappahannock,United States,Virginia,22560
20.232.179.252,North America,37.9273,-76.8545,Tappahannock,United States,Virginia,22560
35.195.134.203,Europe,50.8534,4.347,Brussels,Belgium,Brussels Capital,1000
59.82.64.89,Asia,34.7732,113.722,,China,,
223.72.69.74,Asia,39.9143,116.3861,Beijing,China,Beijing,
20.120.25.93,North America,37.9176,-76.9092,Tappahannock,United States,Virginia,22560
20.121.20.250,North America,37.9273,-76.8545,Tappahannock,United States,Virginia,22560
20.232.153.65,North America,37.9273,-76.8545,Tappahannock,United States,Virginia,22560
219.77.172.5,Asia,22.2908,114.1501,Central,Hong Kong,Central and Western District,
20.168.228.239,North America,37.9273,-76.8545,Tappahannock,United States,Virginia,22560
84.201.183.171,Europe,55.7386,37.6068,,Russia,,
172.173.253.113,North America,38.894,-77.0365,,United States,District of Columbia,
190.56.117.14,North America,14.6343,-90.5155,Guatemala City,Guatemala,Guatemala Department,01010
186.2.141.137,North America,14.1033,-87.2144,Tegucigalpa,Honduras,Departamento de Francisco Morazan,
183.195.85.13,Asia,31.2222,121.4581,Shanghai,China,Shanghai,
123.114.23.157,Asia,39.9143,116.3861,Beijing,China,Beijing,
47.57.3.25,Asia,22.2908,114.1501,Central,Hong Kong,Central and Western District,
122.182.159.54,Asia,18.6161,73.7286,Pune,India,Maharashtra,411007
54.243.23.161,North America,39.0469,-77.4903,Ashburn,United States,Virginia,20149
148.252.128.170,Europe,51.4964,-0.1224,,United Kingdom,,
141.94.97.4,Europe,48.8582,2.3387,,France,,
24.134.118.9,Europe,48.6063,11.6181,Wolnzach,Germany,Bavaria,85283
172.173.197.190,North America,38.894,-77.0365,,United States,District of Columbia,
218.8.47.209,Asia,34.7732,113.722,,China,,
35.227.115.240,North America,32.8608,-79.9746,North Charleston,United States,South Carolina,29415
113.88.139.198,Asia,22.5559,114.0577,Shenzhen,China,Guangdong,
43.139.188.9,Asia,34.7732,113.722,,China,,
181.136.224.29,South America,5.072,-75.515,Manizales,Colombia,Departamento de Caldas,170001
123.119.176.143,Asia,39.9143,116.3861,Beijing,China,Beijing,
47.90.245.247,North America,38.6583,-77.2481,,United States,Virginia,
113.89.235.166,Asia,22.5559,114.0577,Shenzhen,China,Guangdong,
20.115.148.207,North America,47.6034,-122.3414,,United States,Washington,
20.169.199.155,North America,37.9273,-76.8545,Tappahannock,United States,Virginia,22560
115.192.123.214,Asia,30.2994,120.1612,Hangzhou,China,Zhejiang,
103.20.198.79,Asia,34.7732,113.722,,China,,
62.122.202.154,Europe,48.9171,24.7158,Ivano-Frankivsk,Ukraine,Ivano-Frankivsk Oblast,76000
137.117.92.109,North America,37.9273,-76.8545,Tappahannock,United States,Virginia,22560
20.169.151.105,North America,37.9273,-76.8545,Tappahannock,United States,Virginia,22560
20.124.251.97,North America,37.9273,-76.8545,Tappahannock,United States,Virginia,22560
114.122.114.39,Asia,-6.9217,107.6071,Bandung,Indonesia,West Java,
172.173.158.176,North America,38.894,-77.0365,,United States,District of Columbia,
167.172.43.94,Europe,52.352,4.9392,Amsterdam,Netherlands,North Holland,1098
20.119.41.98,North America,37.9176,-76.9092,Tappahannock,United States,Virginia,22560
218.89.61.70,Asia,31.4554,104.6693,Mianyang,China,Sichuan,
114.37.182.157,Asia,25.0504,121.5324,Taipei,Taiwan,Taipei City,
20.232.179.247,North America,37.9273,-76.8545,Tappahannock,United States,Virginia,22560
20.124.16.92,North America,37.9273,-76.8545,Tappahannock,United States,Virginia,22560
23.88.80.230,Europe,49.1156,10.7511,Gunzenhausen,Germany,Bavaria,91710
163.172.173.88,Europe,48.8582,2.3387,,France,,
113.88.96.72,Asia,22.5559,114.0577,Shenzhen,China,Guangdong,
52.224.104.28,North America,37.9273,-76.8545,Tappahannock,United States,Virginia,22560
115.196.23.211,Asia,30.2994,120.1612,Hangzhou,China,Zhejiang,
20.232.17.112,North America,37.9273,-76.8545,Tappahannock,United States,Virginia,22560
113.68.89.86,Asia,23.1181,113.2539,Guangzhou,China,Guangdong,
20.127.23.241,North America,37.9176,-76.9092,Tappahannock,United States,Virginia,22560
34.159.176.230,Europe,50.1188,8.6843,Frankfurt am Main,Germany,Hesse,60313
20.121.221.137,North America,37.9273,-76.8545,Tappahannock,United States,Virginia,22560
124.41.228.156,Asia,27.7142,85.3145,Kathmandu,Nepal,Bagmati Province,
1.12.237.212,Asia,34.7732,113.722,,China,,
112.10.220.240,Asia,30.2994,120.1612,Hangzhou,China,Zhejiang,
18.182.35.228,Asia,35.6893,139.6899,Tokyo,Japan,Tokyo,151-0053
181.117.224.151,South America,-34.7198,-58.4089,Lanus,Argentina,Buenos Aires,1824
20.232.191.192,North America,37.9176,-76.9092,Tappahannock,United States,Virginia,22560
186.2.146.32,North America,15.4967,-88.0338,San Pedro Sula,Honduras,Departamento de Cortes,
177.159.208.207,South America,-8.0091,-34.9498,Recife,Brazil,Pernambuco,50000
13.51.163.144,Europe,59.3287,18.0717,Stockholm,Sweden,Stockholm County,100 12
20.24.88.81,Asia,22.2908,114.1501,Central,Hong Kong,Central and Western District,
49.207.202.184,Asia,12.9634,77.5855,Bengaluru,India,Karnataka,560067
20.232.161.129,North America,37.9273,-76.8545,Tappahannock,United States,Virginia,22560
124.135.90.179,Asia,36.061,120.3814,Qingdao,China,Shandong,
106.38.3.106,Asia,39.9143,116.3861,Beijing,China,Beijing,
52.188.11.205,North America,37.9273,-76.8545,Tappahannock,United States,Virginia,22560
172.174.41.250,North America,37.9176,-76.9092,Tappahannock,United States,Virginia,22560
172.174.9.128,North America,37.9273,-76.8545,Tappahannock,United States,Virginia,22560
183.15.181.93,Asia,22.5559,114.0577,Shenzhen,China,Guangdong,
111.194.230.219,Asia,39.9143,116.3861,Beijing,China,Beijing,
114.254.2.211,Asia,39.9143,116.3861,Beijing,China,Beijing,
52.255.150.31,North America,37.9273,-76.8545,Tappahannock,United States,Virginia,22560
54.215.134.124,North America,37.1835,-121.7714,San Jose,United States,California,95141
42.120.75.98,Asia,30.2994,120.1612,Hangzhou,China,Zhejiang,
20.231.78.177,North America,37.9273,-76.8545,Tappahannock,United States,Virginia,22560
20.16.2.78,Europe,52.3759,4.8975,Amsterdam,Netherlands,North Holland,1012
52.142.50.49,North America,37.9273,-76.8545,Tappahannock,United States,Virginia,22560
66.115.145.214,North America,43.6227,-79.3892,Toronto,Canada,Ontario,M5J
186.242.84.193,South America,-8.0009,-34.8687,Olinda,Brazil,Pernambuco,53000
20.172.250.250,North America,37.9273,-76.8545,Tappahannock,United States,Virginia,22560
116.21.69.198,Asia,23.1181,113.2539,Guangzhou,China,Guangdong,
172.174.41.205,North America,37.9273,-76.8545,Tappahannock,United States,Virginia,22560
113.89.234.144,Asia,22.5559,114.0577,Shenzhen,China,Guangdong,
20.120.83.51,North America,37.9273,-76.8545,Tappahannock,United States,Virginia,22560
190.96.205.11,South America,7.1224,-73.1222,Bucaramanga,Colombia,Departamento de Santander,680002
191.156.44.157,South America,6.2529,-75.5646,Medellín,Colombia,Antioquia,050001
172.174.98.127,North America,37.9273,-76.8545,Tappahannock,United States,Virginia,22560
34.23.81.3,North America,32.8608,-79.9746,North Charleston,United States,South Carolina,29415
66.231.23.106,North America,43.5547,-96.7435,Sioux Falls,United States,South Dakota,57104
52.168.73.53,North America,37.9273,-76.8545,Tappahannock,United States,Virginia,22560
168.62.162.227,North America,37.9273,-76.8545,Tappahannock,United States,Virginia,22560
124.223.170.254,Asia,34.7732,113.722,,China,,
210.3.205.140,Asia,22.2908,114.1501,Tseung Kwan O,Hong Kong,Sai Kung District,
20.185.182.52,North America,37.9273,-76.8545,Tappahannock,United States,Virginia,22560
20.163.151.241,North America,37.9273,-76.8545,Tappahannock,United States,Virginia,22560
52.168.131.213,North America,37.9273,-76.8545,Tappahannock,United States,Virginia,22560
40.87.111.188,North America,37.9176,-76.9092,Tappahannock,United States,Virginia,22560
102.89.23.175,Africa,6.4474,3.3903,Lagos,Nigeria,Lagos,
54.251.52.205,Asia,1.2929,103.8547,,Singapore,,
18.140.197.219,Asia,1.2929,103.8547,,Singapore,,
20.25.31.10,North America,37.9176,-76.9092,Tappahannock,United States,Virginia,22560
112.51.236.203,Asia,26.0492,119.2906,Fuzhou,China,Fujian,
123.114.30.41,Asia,39.9143,116.3861,Beijing,China,Beijing,
203.91.85.232,Asia,22.2578,114.1657,,Hong Kong,,
13.68.202.223,North America,37.9273,-76.8545,Tappahannock,United States,Virginia,22560
170.83.118.151,North America,15.4361,-87.919,La Lima,Honduras,Departamento de Cortes,
218.250.32.97,Asia,22.2908,114.1501,Central,Hong Kong,Central and Western District,
20.232.198.75,North America,37.9176,-76.9092,Tappahannock,United States,Virginia,22560
177.76.155.67,South America,-23.4736,-47.4425,Sorocaba,Brazil,Sao Paulo,18000
20.169.142.29,North America,37.9273,-76.8545,Tappahannock,United States,Virginia,22560
36.73.34.207,Asia,-7.5123,109.3003,Banyumas,Indonesia,Central Java,
103.135.104.235,Asia,22.2578,114.1657,,Hong Kong,,
20.228.135.5,North America,37.9273,-76.8545,Tappahannock,United States,Virginia,22560
170.83.118.216,North America,15.4967,-88.0338,San Pedro Sula,Honduras,Departamento de Cortes,
188.236.6.10,Asia,29.3645,47.9889,Kuwait City,Kuwait,Al Asimah,
110.88.99.196,Asia,26.0492,119.2906,Fuzhou,China,Fujian,
111.193.227.35,Asia,39.9143,116.3861,Beijing,China,Beijing,
18.138.249.177,Asia,1.2929,103.8547,,Singapore,,
20.172.4.98,North America,33.4475,-112.0866,Phoenix,United States,Arizona,85036
114.42.216.201,Asia,24.0759,120.5657,Chang-hua,Taiwan,Changhua,
103.135.248.14,Asia,22.2578,114.1657,,Hong Kong,,
49.207.197.203,Asia,12.9634,77.5855,Bengaluru,India,Karnataka,560001
221.220.122.49,Asia,39.9143,116.3861,Beijing,China,Beijing,
104.28.220.193,Asia,18.6263,73.7885,Chinchvad,India,Maharashtra,412303
40.117.235.144,North America,37.9273,-76.8545,Tappahannock,United States,Virginia,22560
34.136.25.211,North America,41.2591,-95.8517,Council Bluffs,United States,Iowa,51502
20.231.32.106,North America,37.9273,-76.8545,Tappahannock,United States,Virginia,22560
20.168.254.86,North America,37.9273,-76.8545,Tappahannock,United States,Virginia,22560
34.121.28.52,North America,41.2591,-95.8517,Council Bluffs,United States,Iowa,51502
20.200.176.7,Asia,35.1025,129.0394,Busan,South Korea,Busan,48947
18.234.164.152,North America,39.0469,-77.4903,Ashburn,United States,Virginia,20149
177.222.37.109,South America,-17.8002,-63.1656,Santa Cruz,Bolivia,Departamento de Santa Cruz,
219.136.1.154,Asia,23.1181,113.2539,Guangzhou,China,Guangdong,
140.205.11.253,Asia,34.7732,113.722,,China,,
172.173.242.34,North America,38.894,-77.0365,,United States,District of Columbia,
123.118.6.246,Asia,39.9143,116.3861,Beijing,China,Beijing,
35.231.246.178,North America,32.8608,-79.9746,North Charleston,United States,South Carolina,29415
183.193.137.80,Asia,31.2222,121.4581,Shanghai,China,Shanghai,
77.169.194.85,Europe,52.5345,6.052,Zwolle,Netherlands,Overijssel,8043
43.143.163.59,Asia,34.7732,113.722,,China,,
123.114.16.159,Asia,39.9143,116.3861,Beijing,China,Beijing,
20.25.87.205,North America,37.9273,-76.8545,Tappahannock,United States,Virginia,22560
4.227.229.173,North America,37.9273,-76.8545,Tappahannock,United States,Virginia,22560
74.235.19.52,North America,37.9273,-76.8545,Tappahannock,United States,Virginia,22560
4.246.180.223,North America,37.9273,-76.8545,Tappahannock,United States,Virginia,22560
27.38.249.251,Asia,22.5559,114.0577,Shenzhen,China,Guangdong,
20.169.232.173,North America,37.9273,-76.8545,Tappahannock,United States,Virginia,22560
3.237.192.221,North America,39.0469,-77.4903,Ashburn,United States,Virginia,20149
176.182.249.165,Europe,48.9422,2.5039,Aulnay-sous-Bois,France,Île-de-France,93600
34.75.171.35,North America,32.8608,-79.9746,North Charleston,United States,South Carolina,29415
179.6.16.83,South America,-12.0464,-77.0428,Lima,Peru,Lima,
14.198.57.183,Asia,22.2908,114.1501,Central,Hong Kong,Central and Western District,
14.155.136.60,Asia,22.5559,114.0577,Shenzhen,China,Guangdong,
20.127.61.8,North America,37.9273,-76.8545,Tappahannock,United States,Virginia,22560
104.41.145.236,North America,25.9092,-80.3927,Hialeah,United States,Florida,33018
20.168.225.37,North America,37.9273,-76.8545,Tappahannock,United States,Virginia,22560
190.145.71.234,South America,4.5517,-74.1043,Bogotá,Colombia,Bogota D.C.,111841
157.100.104.99,South America,-2.1664,-79.9011,Guayaquil,Ecuador,Provincia del Guayas,
101.86.16.176,Asia,31.2222,121.4581,Shanghai,China,Shanghai,
192.243.125.38,Asia,34.6946,135.5021,Osaka,Japan,Ōsaka,543-0062
104.41.155.11,North America,37.9273,-76.8545,Tappahannock,United States,Virginia,22560
54.161.15.151,North America,38.6583,-77.2481,,United States,Virginia,
34.139.195.139,North America,32.8608,-79.9746,North Charleston,United States,South Carolina,29415
183.253.44.169,Asia,24.4798,118.0819,Xiamen,China,Fujian,
187.190.229.140,North America,19.4326,-99.1332,Mexico City,Mexico,Mexico City,03020
123.118.12.143,Asia,39.9143,116.3861,Beijing,China,Beijing,
221.219.64.69,Asia,39.9143,116.3861,Beijing,China,Beijing,
152.58.35.182,Asia,21.1888,72.8293,Surat,India,Gujarat,395007
4.246.221.232,North America,37.9273,-76.8545,Tappahannock,United States,Virginia,22560
4.246.158.107,North America,37.9273,-76.8545,Tappahannock,United States,Virginia,22560
42.3.73.197,Asia,22.2908,114.1501,Central,Hong Kong,Central and Western District,
188.251.247.156,Europe,41.1691,-8.6793,Porto,Portugal,Porto,4100-068
40.114.107.68,North America,37.9273,-76.8545,Tappahannock,United States,Virginia,22560
123.118.11.157,Asia,39.9143,116.3861,Beijing,China,Beijing,
116.30.221.182,Asia,22.5559,114.0577,Shenzhen,China,Guangdong,
20.124.225.160,North America,37.9273,-76.8545,Tappahannock,United States,Virginia,22560
103.56.158.51,Asia,10.822,106.6257,Ho Chi Minh City,Vietnam,Ho Chi Minh,
34.66.125.42,North America,41.2591,-95.8517,Council Bluffs,United States,Iowa,51502
180.142.166.136,Asia,24.3987,111.5635,Hezhou,China,Guangxi,
216.24.181.121,North America,34.0515,-118.2707,Los Angeles,United States,California,90017
220.173.205.30,Asia,22.8108,108.3165,Nanning,China,Guangxi,
208.104.196.166,North America,35.0125,-80.9309,Fort Mill,United States,South Carolina,29715
5.44.170.10,Europe,53.3597,83.758,Barnaul,Russia,Altai Krai,656000
20.172.138.92,North America,37.9273,-76.8545,Tappahannock,United States,Virginia,22560
20.168.217.25,North America,37.9273,-76.8545,Tappahannock,United States,Virginia,22560
38.25.13.74,South America,-12.0464,-77.0428,Lima,Peru,Lima,
61.158.208.174,Asia,34.7599,113.6459,Zhengzhou,China,Henan,
116.30.215.236,Asia,22.5559,114.0577,Shenzhen,China,Guangdong,
104.45.203.176,North America,26.1792,-80.1749,Fort Lauderdale,United States,Florida,33309
175.178.74.2,Asia,34.7732,113.722,,China,,
20.172.157.178,North America,37.9273,-76.8545,Tappahannock,United States,Virginia,22560
74.82.228.24,North America,47.1416,-119.2894,Moses Lake,United States,Washington,98837
20.69.158.126,North America,47.6034,-122.3414,,United States,Washington,
52.188.54.232,North America,37.9273,-76.8545,Tappahannock,United States,Virginia,22560
175.162.7.253,Asia,38.9122,121.6022,Dalian,China,Liaoning,
74.235.3.243,North America,37.9176,-76.9092,Tappahannock,United States,Virginia,22560
74.235.179.183,North America,37.9273,-76.8545,Tappahannock,United States,Virginia,22560
61.213.176.5,Asia,39.9143,116.3861,Beijing,China,Beijing,
186.78.233.158,South America,-32.9167,-71.5167,Concon,Chile,Region de Valparaiso,
4.227.238.167,North America,37.9273,-76.8545,Tappahannock,United States,Virginia,22560
93.33.45.1,Europe,43.1479,12.1097,,Italy,,
40.121.47.139,North America,37.9273,-76.8545,Tappahannock,United States,Virginia,22560
13.68.134.213,North America,37.9273,-76.8545,Tappahannock,United States,Virginia,22560
94.25.181.168,Europe,58.5896,49.6567,Kirov,Russia,Kirov Oblast,610000
20.163.238.89,North America,37.9273,-76.8545,Tappahannock,United States,Virginia,22560
52.142.46.252,North America,37.9176,-76.9092,Tappahannock,United States,Virginia,22560
93.209.229.214,Europe,48.069,11.6125,Unterhaching,Germany,Bavaria,82008
34.138.158.98,North America,32.8608,-79.9746,North Charleston,United States,South Carolina,29415
191.156.39.19,South America,6.2529,-75.5646,Medellín,Colombia,Antioquia,050002
212.128.247.23,Europe,40.3307,-3.7582,Leganés,Spain,Madrid,28915
74.235.26.205,North America,37.9176,-76.9092,Tappahannock,United States,Virginia,22560
171.4.216.19,Asia,18.7903,99.0029,Chiang Mai,Thailand,Chiang Mai,50000
221.219.70.127,Asia,39.9143,116.3861,Beijing,China,Beijing,
95.216.45.116,Europe,60.1719,24.9347,Helsinki,Finland,Uusimaa,00100
110.54.135.181,Asia,14.6477,121.0491,Quezon City,Philippines,Metro Manila,0860
35.93.117.123,North America,45.8234,-119.7257,Boardman,United States,Oregon,97818
80.215.117.106,Europe,45.748,4.85,Lyon,France,Auvergne-Rhone-Alpes,69008
103.96.51.33,Asia,26.1206,91.6523,Guwahati,India,Assam,781011
27.125.240.152,Asia,3.1413,101.685,Kuala Lumpur,Malaysia,Kuala Lumpur,50680
218.102.206.105,Asia,22.2908,114.1501,Central,Hong Kong,Central and Western District,
219.144.252.28,Asia,34.2635,108.9246,Xi'an,China,Shaanxi,
172.174.70.122,North America,37.9273,-76.8545,Tappahannock,United States,Virginia,22560
182.119.251.149,Asia,34.7599,113.6459,Zhengzhou,China,Henan,
34.22.142.97,Europe,50.8534,4.347,Brussels,Belgium,Brussels Capital,1000
20.150.149.10,North America,33.4475,-112.0866,Phoenix,United States,Arizona,85036
39.103.154.49,Asia,39.9143,116.3861,Beijing,China,Beijing,
192.169.96.200,Asia,22.2578,114.1657,,Hong Kong,,
84.183.212.53,Europe,52.5466,13.4415,Berlin,Germany,Land Berlin,10409
185.177.124.220,Europe,51.9934,4.2158,Naaldwijk,Netherlands,South Holland,2671
218.28.171.182,Asia,34.7599,113.6459,Zhengzhou,China,Henan,
14.109.195.137,Asia,34.7732,113.722,,China,,
74.235.216.27,North America,37.9273,-76.8545,Tappahannock,United States,Virginia,22560
74.235.27.227,North America,37.9273,-76.8545,Tappahannock,United States,Virginia,22560
18.140.165.151,Asia,1.2929,103.8547,,Singapore,,
13.82.18.182,North America,37.9273,-76.8545,Tappahannock,United States,Virginia,22560
2.8.1.107,Europe,47.2729,-2.2262,Saint-Nazaire,France,Pays de la Loire,44600
172.173.138.149,North America,38.894,-77.0365,,United States,District of Columbia,
137.116.116.195,North America,37.9273,-76.8545,Tappahannock,United States,Virginia,22560
20.115.38.161,North America,37.9273,-76.8545,Tappahannock,United States,Virginia,22560
20.115.24.169,North America,37.9176,-76.9092,Tappahannock,United States,Virginia,22560
39.73.67.174,Asia,37.4852,121.4569,Yantai,China,Shandong,
113.87.238.180,Asia,22.5559,114.0577,Shenzhen,China,Guangdong,
101.37.26.245,Asia,30.2994,120.1612,Hangzhou,China,Zhejiang,
20.231.110.121,North America,37.9273,-76.8545,Tappahannock,United States,Virginia,22560
122.171.17.94,Asia,12.9634,77.5855,Bengaluru,India,Karnataka,560001
112.10.206.132,Asia,30.2994,120.1612,Hangzhou,China,Zhejiang,
79.116.91.132,Europe,40.4163,-3.6934,Madrid,Spain,Madrid,28001
52.188.158.230,North America,37.9273,-76.8545,Tappahannock,United States,Virginia,22560
90.255.234.239,Europe,51.6192,-0.3247,London,United Kingdom,England,HA7
4.227.247.195,North America,37.9273,-76.8545,Tappahannock,United States,Virginia,22560
84.181.251.106,Europe,52.5203,13.3849,Berlin,Germany,Land Berlin,10117
4.227.207.254,North America,37.9273,-76.8545,Tappahannock,United States,Virginia,22560
94.25.231.27,Europe,54.7065,20.511,Kaliningrad,Russia,Kaliningrad Oblast,236000
43.207.161.206,Asia,35.6893,139.6899,Tokyo,Japan,Tokyo,151-0053
20.25.15.91,North America,37.9273,-76.8545,Tappahannock,United States,Virginia,22560
172.174.100.220,North America,37.9176,-76.9092,Tappahannock,United States,Virginia,22560
111.194.155.201,Asia,39.9143,116.3861,Beijing,China,Beijing,
74.235.29.162,North America,37.9176,-76.9092,Tappahannock,United States,Virginia,22560
37.30.118.38,Europe,52.4052,16.9339,Poznan,Poland,Greater Poland,61-827
3.84.31.239,North America,39.0469,-77.4903,Ashburn,United States,Virginia,20149
13.92.44.111,North America,37.9273,-76.8545,Tappahannock,United States,Virginia,22560
14.63.160.16,Asia,37.4135,126.7153,Namdong-gu,South Korea,Incheon,215
20.124.238.199,North America,37.9273,-76.8545,Tappahannock,United States,Virginia,22560
20.29.222.16,North America,47.6034,-122.3414,,United States,Washington,
23.101.134.91,North America,37.9273,-76.8545,Tappahannock,United States,Virginia,22560
152.58.19.48,Asia,19.0748,72.8856,Mumbai,India,Maharashtra,400078
172.173.217.251,North America,38.894,-77.0365,,United States,District of Columbia,
20.231.52.101,North America,37.9273,-76.8545,Tappahannock,United States,Virginia,22560
123.114.26.179,Asia,39.9143,116.3861,Beijing,China,Beijing,
221.219.76.137,Asia,39.9143,116.3861,Beijing,China,Beijing,
20.172.175.47,North America,37.9273,-76.8545,Tappahannock,United States,Virginia,22560
123.113.108.22,Asia,39.9143,116.3861,Beijing,China,Beijing,
4.150.46.28,North America,29.4227,-98.4927,San Antonio,United States,Texas,78288
18.192.104.32,Europe,50.1188,8.6843,Frankfurt am Main,Germany,Hesse,60313
3.121.216.19,Europe,50.1188,8.6843,Frankfurt am Main,Germany,Hesse,60313
172.174.59.123,North America,37.9273,-76.8545,Tappahannock,United States,Virginia,22560
52.152.149.77,North America,37.9273,-76.8545,Tappahannock,United States,Virginia,22560
90.246.239.78,Europe,52.4811,-2.1156,Brierley Hill,United Kingdom,England,DY5
4.246.154.115,North America,37.9273,-76.8545,Tappahannock,United States,Virginia,22560
84.181.246.206,Europe,52.5196,13.4069,Berlin,Germany,Land Berlin,10178
140.240.36.53,Asia,19.5516,110.8028,Wenchang,China,Hainan,
49.207.219.255,Asia,12.9634,77.5855,Bengaluru,India,Karnataka,560001
13.82.143.87,North America,37.9273,-76.8545,Tappahannock,United States,Virginia,22560
13.90.255.96,North America,37.9273,-76.8545,Tappahannock,United States,Virginia,22560
123.118.2.227,Asia,39.9143,116.3861,Beijing,China,Beijing,
75.101.245.77,North America,39.0469,-77.4903,Ashburn,United States,Virginia,20149
13.82.239.77,North America,37.9273,-76.8545,Tappahannock,United States,Virginia,22560
49.207.213.126,Asia,12.9634,77.5855,Bengaluru,India,Karnataka,560008
14.213.216.48,Asia,23.0261,113.1371,Foshan,China,Guangdong,
12.165.121.2,North America,32.3151,-86.2449,Montgomery,United States,Alabama,36116
23.96.107.43,North America,37.9273,-76.8545,Tappahannock,United States,Virginia,22560
20.106.158.10,North America,37.9273,-76.8545,Tappahannock,United States,Virginia,22560
182.148.22.124,Asia,30.6498,104.0555,Chengdu,China,Sichuan,
13.229.179.45,Asia,1.2929,103.8547,,Singapore,,
113.87.222.92,Asia,22.5559,114.0577,Shenzhen,China,Guangdong,
112.215.65.253,Asia,-6.2114,106.8446,Jakarta,Indonesia,Jakarta,
13.90.33.214,North America,37.9273,-76.8545,Tappahannock,United States,Virginia,22560
195.52.132.168,Europe,52.553,13.4528,Berlin,Germany,Land Berlin,13086
40.88.15.233,North America,37.9273,-76.8545,Tappahannock,United States,Virginia,22560
35.185.29.115,North America,32.8608,-79.9746,North Charleston,United States,South Carolina,29415
20.115.112.195,North America,37.9273,-76.8545,Tappahannock,United States,Virginia,22560
35.228.88.151,Europe,61.0663,28.188,Lappeenranta,Finland,South Karelia Region,53900
137.135.105.87,North America,37.9273,-76.8545,Tappahannock,United States,Virginia,22560
165.22.106.141,Asia,1.2929,103.8547,,Singapore,,
52.188.112.135,North America,37.9273,-76.8545,Tappahannock,United States,Virginia,22560
163.125.249.71,Asia,22.5559,114.0577,Shenzhen,China,Guangdong,
183.15.180.233,Asia,22.5559,114.0577,Shenzhen,China,Guangdong,
84.183.217.143,Europe,52.5061,13.3684,Berlin,Germany,Land Berlin,10785
52.188.124.111,North America,37.9176,-76.9092,Tappahannock,United States,Virginia,22560
74.235.6.202,North America,37.9176,-76.9092,Tappahannock,United States,Virginia,22560
103.59.74.13,Asia,18.6161,73.7286,Pune,India,Maharashtra,411037
20.124.116.53,North America,37.9273,-76.8545,Tappahannock,United States,Virginia,22560
158.160.25.49,Europe,55.7483,37.6171,Moscow,Russia,Moscow,121099
157.143.49.36,Europe,46.9633,7.4227,Bern,Switzerland,Bern,3012
61.130.180.84,Asia,30.2994,120.1612,Hangzhou,China,Zhejiang,
20.163.210.222,North America,37.9273,-76.8545,Tappahannock,United States,Virginia,22560
20.169.199.18,North America,37.9273,-76.8545,Tappahannock,United States,Virginia,22560
13.65.175.85,North America,29.4227,-98.4927,San Antonio,United States,Texas,78288
19.12.93.160,North America,42.4622,-83.3994,Farmington Hills,United States,Michigan,48335
103.96.51.105,Asia,26.1206,91.6523,Guwahati,India,Assam,781014
20.228.141.109,North America,37.9273,-76.8545,Tappahannock,United States,Virginia,22560
34.86.178.215,North America,38.894,-77.0365,Washington,United States,District of Columbia,56972
116.7.97.111,Asia,22.5559,114.0577,Shenzhen,China,Guangdong,
52.255.175.218,North America,37.9273,-76.8545,Tappahannock,United States,Virginia,22560
20.25.19.200,North America,37.9273,-76.8545,Tappahannock,United States,Virginia,22560
193.138.172.153,Asia,41.0214,28.9948,,Turkey,,
20.169.245.195,North America,37.9176,-76.9092,Tappahannock,United States,Virginia,22560
37.166.222.0,Europe,48.8582,2.3387,,France,,
5.161.94.205,North America,37.751,-97.822,,United States,,
201.233.176.128,South America,7.1224,-73.1222,Bucaramanga,Colombia,Departamento de Santander,680001
91.170.0.174,Europe,43.6046,1.4451,Toulouse,France,Occitanie,31200
54.251.165.119,Asia,1.2929,103.8547,,Singapore,,
34.101.89.203,Asia,-6.2114,106.8446,Jakarta,Indonesia,Jakarta,
223.104.66.106,Asia,22.5559,114.0577,Shenzhen,China,Guangdong,
190.232.27.210,South America,-16.4014,-71.5343,Arequipa,Peru,Arequipa,
23.98.143.113,North America,29.4227,-98.4927,San Antonio,United States,Texas,78288
172.104.120.252,Asia,35.6893,139.6899,Tokyo,Japan,Tokyo,151-0053
37.30.112.176,Europe,52.4052,16.9339,Poznan,Poland,Greater Poland,61-827
4.246.188.214,North America,37.9273,-76.8545,Tappahannock,United States,Virginia,22560
20.124.24.193,North America,37.9273,-76.8545,Tappahannock,United States,Virginia,22560
20.185.57.199,North America,37.9273,-76.8545,Tappahannock,United States,Virginia,22560
123.119.74.83,Asia,39.9143,116.3861,Beijing,China,Beijing,
122.161.135.84,Asia,31.0048,75.9463,Ludhiana,India,Punjab,141203
62.144.41.99,Europe,50.8705,9.7031,Bad Hersfeld,Germany,Hesse,36251
4.246.189.246,North America,37.9176,-76.9092,Tappahannock,United States,Virginia,22560
117.247.62.239,Asia,18.6161,73.7286,Pune,India,Maharashtra,411033
104.45.204.234,North America,37.9273,-76.8545,Tappahannock,United States,Virginia,22560
117.61.112.213,Asia,34.7732,113.722,,China,,
179.26.73.98,South America,-34.8403,-56.1411,Montevideo,Uruguay,Departamento de Montevideo,13000
52.149.136.103,North America,37.9176,-76.9092,Tappahannock,United States,Virginia,22560
172.174.86.128,North America,37.9273,-76.8545,Tappahannock,United States,Virginia,22560
52.188.15.207,North America,37.9176,-76.9092,Tappahannock,United States,Virginia,22560
109.117.132.171,Europe,42.8005,13.9469,Tortoreto Lido,Italy,Abruzzo,64018
20.232.211.5,North America,37.9273,-76.8545,Tappahannock,United States,Virginia,22560
74.235.60.162,North America,37.9273,-76.8545,Tappahannock,United States,Virginia,22560
52.149.155.134,North America,37.9273,-76.8545,Tappahannock,United States,Virginia,22560
84.174.219.235,Europe,52.5196,13.4069,Berlin,Germany,Land Berlin,10178
222.128.179.170,Asia,39.9143,116.3861,Beijing,China,Beijing,
87.68.164.217,Asia,31.9522,34.8943,Lod,Israel,Central District,
20.228.175.58,North America,37.9176,-76.9092,Tappahannock,United States,Virginia,22560
103.163.91.139,Asia,18.6161,73.7286,Pune,India,Maharashtra,411001
13.90.38.156,North America,37.9273,-76.8545,Tappahannock,United States,Virginia,22560
4.246.217.202,North America,37.9176,-76.9092,Tappahannock,United States,Virginia,22560
206.238.224.105,Africa,-25.9766,28.1144,Midrand,South Africa,Gauteng,1684
181.65.25.91,South America,-12.0464,-77.0428,Lima,Peru,Lima,
20.85.227.81,North America,37.9273,-76.8545,Tappahannock,United States,Virginia,22560
102.91.4.79,Africa,10,8,,Nigeria,,
54.84.25.98,North America,39.0469,-77.4903,Ashburn,United States,Virginia,20149
4.246.187.35,North America,37.9273,-76.8545,Tappahannock,United States,Virginia,22560
20.172.148.85,North America,37.9176,-76.9092,Tappahannock,United States,Virginia,22560
115.220.219.224,Asia,30.2994,120.1612,Hangzhou,China,Zhejiang,
222.90.12.138,Asia,34.2635,108.9246,Xi'an,China,Shaanxi,
177.220.182.241,South America,-25.5026,-49.2908,Curitiba,Brazil,Parana,80000
123.114.27.200,Asia,39.9143,116.3861,Beijing,China,Beijing,
213.238.99.227,Europe,52.4052,16.9339,Poznan,Poland,Greater Poland,61-827
177.115.9.61,South America,-23.695,-46.5616,São Bernardo do Campo,Brazil,Sao Paulo,
20.231.97.170,North America,37.9273,-76.8545,Tappahannock,United States,Virginia,22560
52.142.49.130,North America,37.9273,-76.8545,Tappahannock,United States,Virginia,22560
13.82.93.159,North America,37.9273,-76.8545,Tappahannock,United States,Virginia,22560
140.205.11.6,Asia,34.7732,113.722,,China,,
109.153.79.128,Europe,52.0435,1.1842,Ipswich,United Kingdom,England,IP3
172.174.74.157,North America,37.9273,-76.8545,Tappahannock,United States,Virginia,22560
86.48.10.159,Asia,1.3036,103.8554,Singapore,Singapore,,18
110.184.64.56,Asia,30.6498,104.0555,Chengdu,China,Sichuan,
18.142.187.85,Asia,1.2929,103.8547,,Singapore,,
4.246.166.186,North America,37.9273,-76.8545,Tappahannock,United States,Virginia,22560
20.237.156.108,North America,37.1835,-121.7714,San Jose,United States,California,95141
172.173.245.12,North America,38.894,-77.0365,,United States,District of Columbia,
103.186.149.95,Asia,20.4353,106.1784,Nam Định,Vietnam,Tinh Nam GJinh,
20.228.193.192,North America,37.9273,-76.8545,Tappahannock,United States,Virginia,22560
192.243.124.119,Asia,34.6946,135.5021,Osaka,Japan,Ōsaka,543-0062
52.142.12.151,North America,37.9176,-76.9092,Tappahannock,United States,Virginia,22560
52.150.9.119,North America,37.9273,-76.8545,Tappahannock,United States,Virginia,22560
191.95.18.158,South America,11.0071,-74.8092,Barranquilla,Colombia,Atlántico,080001
163.125.189.107,Asia,22.5559,114.0577,Shenzhen,China,Guangdong,
182.148.12.113,Asia,30.6498,104.0555,Chengdu,China,Sichuan,
221.219.65.114,Asia,39.9143,116.3861,Beijing,China,Beijing,
172.173.225.67,Europe,51.2993,9.491,,Germany,,
20.172.220.85,North America,37.9273,-76.8545,Tappahannock,United States,Virginia,22560
83.220.239.106,Europe,55.7483,37.6171,Moscow,Russia,Moscow,129301
222.213.239.114,Asia,30.6498,104.0555,Chengdu,China,Sichuan,
221.222.202.254,Asia,39.9143,116.3861,Beijing,China,Beijing,
43.250.200.97,Asia,28.2014,112.9611,Changsha,China,Hunan,
137.226.189.47,Europe,50.7745,6.0861,Aachen,Germany,North Rhine-Westphalia,52062
46.36.117.200,Asia,40.1817,44.5099,Yerevan,Armenia,Yerevan,
20.230.214.38,North America,47.6034,-122.3414,,United States,Washington,
168.61.52.137,North America,37.9273,-76.8545,Tappahannock,United States,Virginia,22560
20.228.133.80,North America,37.9273,-76.8545,Tappahannock,United States,Virginia,22560
172.174.63.90,North America,37.9176,-76.9092,Tappahannock,United States,Virginia,22560
112.10.206.58,Asia,30.2994,120.1612,Hangzhou,China,Zhejiang,
20.228.176.123,North America,37.9176,-76.9092,Tappahannock,United States,Virginia,22560
192.69.90.125,North America,34.0515,-118.2707,Los Angeles,United States,California,90017
120.26.89.10,Asia,30.2994,120.1612,Hangzhou,China,Zhejiang,
35.77.217.101,Asia,35.6893,139.6899,Tokyo,Japan,Tokyo,151-0053
223.72.86.102,Asia,39.9143,116.3861,Beijing,China,Beijing,
20.163.135.190,North America,37.9273,-76.8545,Tappahannock,United States,Virginia,22560
34.207.160.31,North America,39.0469,-77.4903,Ashburn,United States,Virginia,20149
106.122.221.113,Asia,24.4798,118.0819,Xiamen,China,Fujian,
172.173.165.152,Europe,51.2993,9.491,,Germany,,
199.101.192.72,North America,33.4475,-112.0866,,United States,Arizona,
14.109.193.236,Asia,34.7732,113.722,,China,,
20.64.208.214,North America,47.6034,-122.3414,,United States,Washington,
219.144.252.110,Asia,34.2635,108.9246,Xi'an,China,Shaanxi,
34.92.38.182,Asia,22.2908,114.1501,Central,Hong Kong,Central and Western District,
220.203.232.131,Asia,34.7732,113.722,,China,,
36.170.84.220,Asia,28.8864,105.4268,Luzhou,China,Sichuan,
106.47.216.82,Asia,39.1488,117.1762,Tianjin,China,Tianjin,
171.214.184.67,Asia,30.6498,104.0555,Chengdu,China,Sichuan,
40.112.48.26,North America,37.9273,-76.8545,Tappahannock,United States,Virginia,22560
172.173.251.57,North America,38.894,-77.0365,,United States,District of Columbia,
58.84.52.67,Asia,22.2578,114.1657,,Hong Kong,,
220.200.109.38,Asia,20.0342,110.3465,Haikou,China,Hainan,
20.39.44.184,North America,37.9176,-76.9092,Tappahannock,United States,Virginia,22560
13.90.226.107,North America,37.9273,-76.8545,Tappahannock,United States,Virginia,22560
20.172.142.139,North America,37.9273,-76.8545,Tappahannock,United States,Virginia,22560
102.89.32.102,Africa,6.4474,3.3903,Lagos,Nigeria,Lagos,
125.40.73.255,Asia,34.7599,113.6459,Zhengzhou,China,Henan,
91.74.97.6,Asia,24.4542,54.406,Abu Dhabi,United Arab Emirates,Abu Dhabi,
20.232.23.143,North America,37.9273,-76.8545,Tappahannock,United States,Virginia,22560
20.25.9.64,North America,37.9176,-76.9092,Tappahannock,United States,Virginia,22560
113.118.174.222,Asia,22.5559,114.0577,Shenzhen,China,Guangdong,
186.118.189.58,South America,11.5424,-72.9019,Riohacha,Colombia,Departamento de La Guajira,440001
20.228.227.228,North America,37.9273,-76.8545,Tappahannock,United States,Virginia,22560
18.167.17.128,Asia,22.2578,114.1657,,Hong Kong,,
103.96.51.56,Asia,26.1206,91.6523,Guwahati,India,Assam,781011
83.53.182.212,Europe,41.5852,-4.7221,Laguna de Duero,Spain,Castille and León,47140
150.162.146.83,South America,-27.6147,-48.4976,Florianópolis,Brazil,Santa Catarina,88000
219.144.252.171,Asia,34.2635,108.9246,Xi'an,China,Shaanxi,
40.88.139.150,North America,37.9273,-76.8545,Tappahannock,United States,Virginia,22560
34.27.6.109,North America,41.2591,-95.8517,Council Bluffs,United States,Iowa,51502
212.104.224.28,Asia,7.75,80.75,,Sri Lanka,,
40.84.154.230,North America,29.4227,-98.4927,San Antonio,United States,Texas,78288
117.154.92.71,Asia,30.589,114.2681,Wuhan,China,Hubei,
4.227.207.103,North America,37.9273,-76.8545,Tappahannock,United States,Virginia,22560
181.115.59.88,North America,14.1033,-87.2144,Tegucigalpa,Honduras,Departamento de Francisco Morazan,
1.170.223.216,Asia,23.9482,120.6179,Chushui,Taiwan,Changhua,
20.169.235.239,North America,37.9273,-76.8545,Tappahannock,United States,Virginia,22560
113.116.140.129,Asia,22.5559,114.0577,Shenzhen,China,Guangdong,
20.9.172.104,North America,47.6034,-122.3414,,United States,Washington,
172.173.229.39,Europe,51.2993,9.491,,Germany,,
103.170.26.33,Asia,22.2849,114.164,Central,Hong Kong,Central and Western District,
172.173.241.57,North America,38.894,-77.0365,,United States,District of Columbia,
106.37.94.58,Asia,39.9143,116.3861,Beijing,China,Beijing,
172.173.228.147,Europe,51.2993,9.491,,Germany,,
183.192.37.179,Asia,31.2973,121.598,Gaohang,China,Shanghai,
40.114.106.131,North America,37.9273,-76.8545,Tappahannock,United States,Virginia,22560
37.166.141.23,Europe,48.8582,2.3387,,France,,
20.119.46.215,North America,37.9176,-76.9092,Tappahannock,United States,Virginia,22560
20.163.130.252,North America,37.9273,-76.8545,Tappahannock,United States,Virginia,22560
18.136.248.230,Asia,1.2929,103.8547,,Singapore,,
40.88.40.80,North America,37.9176,-76.9092,Tappahannock,United States,Virginia,22560
104.41.146.109,North America,37.9176,-76.9092,Tappahannock,United States,Virginia,22560
40.88.47.150,North America,37.9273,-76.8545,Tappahannock,United States,Virginia,22560
190.237.22.51,South America,-12.0464,-77.0428,Lima,Peru,Lima,
123.118.10.184,Asia,39.9143,116.3861,Beijing,China,Beijing,
52.188.206.21,North America,37.9273,-76.8545,Tappahannock,United States,Virginia,22560
59.57.169.34,Asia,24.4798,118.0819,Xiamen,China,Fujian,
20.127.26.72,North America,37.9273,-76.8545,Tappahannock,United States,Virginia,22560
20.121.0.59,North America,37.9273,-76.8545,Tappahannock,United States,Virginia,22560
52.199.136.144,Asia,35.6893,139.6899,Tokyo,Japan,Tokyo,151-0053
172.173.175.210,North America,38.894,-77.0365,,United States,District of Columbia,
79.231.249.252,Europe,52.5422,13.3495,Berlin,Germany,Land Berlin,13353
40.121.204.250,North America,37.9273,-76.8545,Tappahannock,United States,Virginia,22560
20.185.65.163,North America,37.9273,-76.8545,Tappahannock,United States,Virginia,22560
20.25.94.116,North America,37.9273,-76.8545,Tappahannock,United States,Virginia,22560
184.169.220.112,North America,37.1835,-121.7714,San Jose,United States,California,95141
116.228.222.194,Asia,31.2222,121.4581,Shanghai,China,Shanghai,
13.215.49.222,Asia,1.2929,103.8547,,Singapore,,
20.124.244.239,North America,37.9273,-76.8545,Tappahannock,United States,Virginia,22560
172.173.239.218,Europe,51.2993,9.491,,Germany,,
59.82.25.190,Asia,34.7732,113.722,,China,,
37.201.145.77,Europe,52.0017,8.5777,Bielefeld,Germany,North Rhine-Westphalia,33605
84.17.39.234,Asia,1.3036,103.8554,Singapore,Singapore,,18
13.92.114.56,North America,37.9273,-76.8545,Tappahannock,United States,Virginia,22560
20.124.114.103,North America,37.9273,-76.8545,Tappahannock,United States,Virginia,22560
16.162.126.127,Asia,22.2578,114.1657,,Hong Kong,,
79.115.55.245,Europe,44.405,26.0718,Bucharest,Romania,Bucuresti,052834
105.112.113.198,Africa,9.0567,7.4969,Abuja,Nigeria,FCT,
122.239.141.126,Asia,27.996,120.6664,Wenzhou,China,Zhejiang,
20.124.235.87,North America,37.9273,-76.8545,Tappahannock,United States,Virginia,22560
94.66.57.95,Europe,37.9842,23.7353,Athens,Greece,Attica,
74.235.64.91,North America,37.9176,-76.9092,Tappahannock,United States,Virginia,22560
190.129.166.212,South America,-16.5002,-68.1493,La Paz,Bolivia,Departamento de La Paz,
20.185.196.154,North America,37.9273,-76.8545,Tappahannock,United States,Virginia,22560
139.5.108.180,Asia,22.2578,114.1657,,Hong Kong,,
20.39.55.131,North America,37.9273,-76.8545,Tappahannock,United States,Virginia,22560
49.207.212.31,Asia,12.9634,77.5855,Bengaluru,India,Karnataka,560001
115.236.40.118,Asia,30.2994,120.1612,Hangzhou,China,Zhejiang,
20.163.184.87,North America,37.9273,-76.8545,Tappahannock,United States,Virginia,22560
111.193.239.51,Asia,39.9143,116.3861,Beijing,China,Beijing,
20.3.103.130,North America,47.6034,-122.3414,,United States,Washington,
52.136.119.129,North America,37.9273,-76.8545,Tappahannock,United States,Virginia,22560
20.245.224.192,North America,37.1835,-121.7714,San Jose,United States,California,95141
20.59.12.164,North America,47.6034,-122.3414,,United States,Washington,
185.183.96.30,Europe,51.9187,4.4721,Rotterdam,Netherlands,South Holland,3012
52.152.219.43,North America,37.9273,-76.8545,Tappahannock,United States,Virginia,22560
54.177.132.154,North America,37.1835,-121.7714,San Jose,United States,California,95141
95.82.132.133,Europe,49.2034,16.6968,Brno,Czechia,South Moravian,628 00
193.22.82.19,Europe,48.1982,16.3917,Vienna,Austria,Vienna,1030
37.169.71.226,Europe,48.8582,2.3387,,France,,
20.115.125.27,North America,37.9273,-76.8545,Tappahannock,United States,Virginia,22560
13.68.236.25,North America,37.9273,-76.8545,Tappahannock,United States,Virginia,22560
20.25.22.1,North America,37.9273,-76.8545,Tappahannock,United States,Virginia,22560
115.231.16.212,Asia,30.2994,120.1612,Hangzhou,China,Zhejiang,
62.144.32.190,Europe,52.6103,10.1041,Celle,Germany,Lower Saxony,29227
119.164.2.18,Asia,36.6756,117.0211,Jinan,China,Shandong,
84.183.217.21,Europe,52.5061,13.3684,Berlin,Germany,Land Berlin,10785
34.140.24.24,Europe,50.8534,4.347,Brussels,Belgium,Brussels Capital,1000
103.172.41.172,Asia,22.2848,114.1703,Wanchai,Hong Kong,Wan Chai,
20.185.251.111,North America,37.9273,-76.8545,Tappahannock,United States,Virginia,22560
114.250.22.213,Asia,39.9143,116.3861,Beijing,China,Beijing,
20.232.115.55,North America,37.9273,-76.8545,Tappahannock,United States,Virginia,22560
70.50.171.216,North America,45.5329,-73.5565,Montreal,Canada,Quebec,H2K
79.231.243.209,Europe,52.5196,13.4069,Berlin,Germany,Land Berlin,10178
20.231.224.45,North America,37.9273,-76.8545,Tappahannock,United States,Virginia,22560
98.42.100.163,North America,37.7562,-121.77,Livermore,United States,California,94551
152.58.39.195,Asia,23.0276,72.5871,Ahmedabad,India,Gujarat,380002
27.18.1.188,Asia,30.589,114.2681,Wuhan,China,Hubei,
94.64.11.93,Europe,35.3272,25.1371,Heraklion,Greece,Crete,
223.65.184.241,Asia,32.0589,118.7738,Nanjing,China,Jiangsu,
80.215.118.42,Europe,45.748,4.85,Lyon,France,Auvergne-Rhone-Alpes,69002
52.170.61.6,North America,37.9273,-76.8545,Tappahannock,United States,Virginia,22560
4.227.247.54,North America,37.9273,-76.8545,Tappahannock,United States,Virginia,22560
23.106.131.224,Asia,34.6946,135.5021,Osaka,Japan,Ōsaka,543-0062
181.234.56.182,South America,3.4129,-76.5191,Santiago de Cali,Colombia,Departamento del Valle del Cauca,760001
31.94.32.118,Europe,51.4964,-0.1224,,United Kingdom,,
24.134.119.49,Europe,48.1331,11.3756,Germering,Germany,Bavaria,82110
43.225.2.113,Asia,28.6328,77.2204,New Delhi,India,National Capital Territory of Delhi,110001
13.39.109.207,Europe,48.8323,2.4075,Paris,France,Île-de-France,75001
43.243.193.4,Asia,22.2678,114.238,Tai Wan,Hong Kong,Sai Kung District,
36.110.64.18,Asia,39.9143,116.3861,Beijing,China,Beijing,
20.185.241.17,North America,37.9273,-76.8545,Tappahannock,United States,Virginia,22560
20.169.223.91,North America,37.9273,-76.8545,Tappahannock,United States,Virginia,22560
20.232.150.138,North America,37.9273,-76.8545,Tappahannock,United States,Virginia,22560
4.246.148.45,North America,37.9273,-76.8545,Tappahannock,United States,Virginia,22560
3.226.47.217,North America,39.0469,-77.4903,Ashburn,United States,Virginia,20149
20.98.92.46,North America,47.6034,-122.3414,,United States,Washington,
43.207.73.220,Asia,35.6893,139.6899,Tokyo,Japan,Tokyo,151-0053
